ano,indicador,nome_apresentacao,escolas_ativas,registros_validos,registros_nulos,com_recurso,sem_recurso,percentual
2019,IN_INTERNET,IN_INTERNET,182468,182468,0,137776,44692,0.7550693820286297
2019,IN_BIBLIOTECA,IN_BIBLIOTECA,182468,182468,0,66757,115711,0.3658559309029528
2019,IN_SALA_LEITURA,IN_SALA_LEITURA,182468,182468,0,47459,135009,0.260094920753228
2019,IN_LABORATORIO_CIENCIAS,IN_LABORATORIO_CIENCIAS,182468,182468,0,20987,161481,0.11501742771335248
2019,IN_LABORATORIO_INFORMATICA,IN_LABORATORIO_INFORMATICA,182468,182468,0,63875,118593,0.35006138062564396
2019,IN_QUADRA_ESPORTES,IN_QUADRA_ESPORTES,182468,182468,0,65631,116837,0.35968498586053443
2019,IN_BANHEIRO_PNE,IN_BANHEIRO_PNE,182468,182468,0,81480,100988,0.44654405155972554
2019,IN_ACESSIBILIDADE_INEXISTENTE,Acessibilidade,182468,182468,0,102262,80206,0.5604379946072736
2019,IN_AGUA_POTAVEL,IN_AGUA_POTAVEL,182468,182468,0,171256,11212,0.9385536094000044
2019,IN_ESGOTO_REDE_PUBLICA,IN_ESGOTO_REDE_PUBLICA,182468,182468,0,103204,79264,0.56560054365697
2019,IN_ENERGIA_REDE_PUBLICA,IN_ENERGIA_REDE_PUBLICA,182468,182468,0,175994,6474,0.9645198062125961
2020,IN_INTERNET,IN_INTERNET,181279,181279,0,144594,36685,0.7976323788193889
2020,IN_BIBLIOTECA,IN_BIBLIOTECA,181279,181279,0,65901,115378,0.36353355876852805
2020,IN_SALA_LEITURA,IN_SALA_LEITURA,181279,181279,0,48615,132664,0.26817778121017877
2020,IN_LABORATORIO_CIENCIAS,IN_LABORATORIO_CIENCIAS,181279,181279,0,22158,159121,0.1222314774463672
2020,IN_LABORATORIO_INFORMATICA,IN_LABORATORIO_INFORMATICA,181279,181279,0,62478,118801,0.34465106272651547
2020,IN_QUADRA_ESPORTES,IN_QUADRA_ESPORTES,181279,181279,0,66334,114945,0.3659221421124344
2020,IN_BANHEIRO_PNE,IN_BANHEIRO_PNE,181279,181279,0,84720,96559,0.467345914308883
2020,IN_ACESSIBILIDADE_INEXISTENTE,Acessibilidade,181279,181279,0,109588,71691,0.604526724000022
2020,IN_AGUA_POTAVEL,IN_AGUA_POTAVEL,181279,181279,0,171174,10105,0.9442571947109152
2020,IN_ESGOTO_REDE_PUBLICA,IN_ESGOTO_REDE_PUBLICA,181279,181279,0,102814,78465,0.5671589097468543
2020,IN_ENERGIA_REDE_PUBLICA,IN_ENERGIA_REDE_PUBLICA,181279,181279,0,175010,6269,0.965417946921596
2021,IN_INTERNET,IN_INTERNET,180057,180057,0,149185,30872,0.8285431835474322
2021,IN_BIBLIOTECA,IN_BIBLIOTECA,180057,180057,0,65982,114075,0.36645062396907646
2021,IN_SALA_LEITURA,IN_SALA_LEITURA,180057,180057,0,48093,131964,0.2670987520618471
2021,IN_LABORATORIO_CIENCIAS,IN_LABORATORIO_CIENCIAS,180057,180057,0,22663,157394,0.12586569808449546
2021,IN_LABORATORIO_INFORMATICA,IN_LABORATORIO_INFORMATICA,180057,180057,0,60293,119764,0.3348550736711153
2021,IN_QUADRA_ESPORTES,IN_QUADRA_ESPORTES,180057,180057,0,67054,113003,0.3724042941957269
2021,IN_BANHEIRO_PNE,IN_BANHEIRO_PNE,180057,180057,0,88397,91660,0.49093898043397366
2021,IN_ACESSIBILIDADE_INEXISTENTE,Acessibilidade,180057,180057,0,115560,64497,0.6417967643579533
2021,IN_AGUA_POTAVEL,IN_AGUA_POTAVEL,180057,180057,0,171575,8482,0.9528926950909989
2021,IN_ESGOTO_REDE_PUBLICA,IN_ESGOTO_REDE_PUBLICA,180057,180057,0,102208,77849,0.5676424687737772
2021,IN_ENERGIA_REDE_PUBLICA,IN_ENERGIA_REDE_PUBLICA,180057,180057,0,174185,5872,0.9673881048778997
2022,IN_INTERNET,IN_INTERNET,184332,180073,4259,157477,22596,0.8745175567686438
2022,IN_BIBLIOTECA,IN_BIBLIOTECA,184332,180073,4259,65504,114569,0.3637635847683995
2022,IN_SALA_LEITURA,IN_SALA_LEITURA,184332,180073,4259,48113,131960,0.26718608564304475
2022,IN_LABORATORIO_CIENCIAS,IN_LABORATORIO_CIENCIAS,184332,180073,4259,21590,158483,0.11989582002854397
2022,IN_LABORATORIO_INFORMATICA,IN_LABORATORIO_INFORMATICA,184332,180073,4259,55861,124212,0.3102130802507872
2022,IN_QUADRA_ESPORTES,IN_QUADRA_ESPORTES,184332,180073,4259,67377,112696,0.374164922003854
2022,IN_BANHEIRO_PNE,IN_BANHEIRO_PNE,184332,180073,4259,91833,88240,0.5099765095266919
2022,IN_ACESSIBILIDADE_INEXISTENTE,Acessibilidade,184332,180073,4259,119199,60874,0.6619482098926547
2022,IN_AGUA_POTAVEL,IN_AGUA_POTAVEL,184332,180073,4259,172542,7531,0.9581780722262638
2022,IN_ESGOTO_REDE_PUBLICA,IN_ESGOTO_REDE_PUBLICA,184332,180073,4259,102771,77302,0.5707185419246639
2022,IN_ENERGIA_REDE_PUBLICA,IN_ENERGIA_REDE_PUBLICA,184332,180073,4259,174388,5685,0.9684294702703904
2023,IN_INTERNET,IN_INTERNET,180230,180230,0,163855,16375,0.9091438717194695
2023,IN_BIBLIOTECA,IN_BIBLIOTECA,180230,180230,0,65882,114348,0.36554402707651334
2023,IN_SALA_LEITURA,IN_SALA_LEITURA,180230,180230,0,49122,131108,0.2725517394440437
2023,IN_LABORATORIO_CIENCIAS,IN_LABORATORIO_CIENCIAS,180230,180230,0,22616,157614,0.12548410364534207
2023,IN_LABORATORIO_INFORMATICA,IN_LABORATORIO_INFORMATICA,180230,180230,0,54470,125760,0.30222493480552626
2023,IN_QUADRA_ESPORTES,IN_QUADRA_ESPORTES,180230,180230,0,68578,111652,0.38050269100593687
2023,IN_BANHEIRO_PNE,IN_BANHEIRO_PNE,180230,180230,0,95401,84829,0.5293291904788326
2023,IN_ACESSIBILIDADE_INEXISTENTE,Acessibilidade,180230,180230,0,123361,56869,0.6844642956222604
2023,IN_AGUA_POTAVEL,IN_AGUA_POTAVEL,180230,180230,0,172318,7912,0.9561005382011873
2023,IN_ESGOTO_REDE_PUBLICA,IN_ESGOTO_REDE_PUBLICA,180230,180230,0,103320,76910,0.5732674915385896
2023,IN_ENERGIA_REDE_PUBLICA,IN_ENERGIA_REDE_PUBLICA,180230,180230,0,174594,5636,0.96872884647395
2024,IN_INTERNET,IN_INTERNET,181065,181065,0,166771,14294,0.9210559743738437
2024,IN_BIBLIOTECA,IN_BIBLIOTECA,181065,181065,0,66569,114496,0.3676525004832519
2024,IN_SALA_LEITURA,IN_SALA_LEITURA,181065,181065,0,50799,130266,0.28055670615524814
2024,IN_LABORATORIO_CIENCIAS,IN_LABORATORIO_CIENCIAS,181065,181065,0,23740,157325,0.13111313616657003
2024,IN_LABORATORIO_INFORMATICA,IN_LABORATORIO_INFORMATICA,181065,181065,0,53511,127554,0.2955347527131141
2024,IN_QUADRA_ESPORTES,IN_QUADRA_ESPORTES,181065,181065,0,69907,111158,0.3860878689973214
2024,IN_BANHEIRO_PNE,IN_BANHEIRO_PNE,181065,181065,0,99365,81700,0.5487808245657637
2024,IN_ACESSIBILIDADE_INEXISTENTE,Acessibilidade,181065,181065,0,130677,50388,0.7217131969182338
2024,IN_AGUA_POTAVEL,IN_AGUA_POTAVEL,181065,181065,0,174407,6658,0.9632286747852981
2024,IN_ESGOTO_REDE_PUBLICA,IN_ESGOTO_REDE_PUBLICA,181065,181065,0,105239,75826,0.5812222130174247
2024,IN_ENERGIA_REDE_PUBLICA,IN_ENERGIA_REDE_PUBLICA,181065,181065,0,175426,5639,0.9688564880015464
2025,IN_INTERNET,IN_INTERNET,180540,180540,0,170762,9778,0.9458402570067576
2025,IN_BIBLIOTECA,IN_BIBLIOTECA,180540,180540,0,66522,114018,0.36846128281821205
2025,IN_SALA_LEITURA,IN_SALA_LEITURA,180540,180540,0,55567,124973,0.30778220892876923
2025,IN_LABORATORIO_CIENCIAS,IN_LABORATORIO_CIENCIAS,180540,180540,0,25637,154903,0.14200177246039658
2025,IN_LABORATORIO_INFORMATICA,IN_LABORATORIO_INFORMATICA,180540,180540,0,52102,128438,0.2885897861969647
2025,IN_QUADRA_ESPORTES,IN_QUADRA_ESPORTES,180540,180540,0,72800,107740,0.40323474022377315
2025,IN_BANHEIRO_PNE,IN_BANHEIRO_PNE,180540,180540,0,102991,77549,0.5704608397031129
2025,IN_ACESSIBILIDADE_INEXISTENTE,Acessibilidade,180540,180540,0,141750,38790,0.7851445663010967
2025,IN_AGUA_POTAVEL,IN_AGUA_POTAVEL,180540,180540,0,174355,6185,0.9657416638971973
2025,IN_ESGOTO_REDE_PUBLICA,IN_ESGOTO_REDE_PUBLICA,180540,180540,0,105366,75174,0.5836158192090396
2025,IN_ENERGIA_REDE_PUBLICA,IN_ENERGIA_REDE_PUBLICA,180540,180540,0,174882,5658,0.9686606846128282
