coluna,registros_total,registros_nulos,registros_preenchidos,percentual_nulos
CO_SUBDISTRITO,178772,177481,1291,99.28
NO_SUBDISTRITO,178772,177481,1291,99.28
TP_PODER_PUBLICO_PARCERIA,178772,168694,10078,94.36
TP_CATEGORIA_ESCOLA_PRIVADA,178772,137021,41751,76.65
NO_REGIAO_GEOG_INTERM,178772,1,178771,0.0
NO_UF,178772,1,178771,0.0
NO_MUNICIPIO,178772,1,178771,0.0
NO_REGIAO,178772,1,178771,0.0
CO_REGIAO_GEOG_IMED,178772,1,178771,0.0
NO_REGIAO_GEOG_IMED,178772,1,178771,0.0
NO_DISTRITO,178772,1,178771,0.0
CO_REGIAO_GEOG_INTERM,178772,1,178771,0.0
SG_UF,178772,1,178771,0.0
CO_MUNICIPIO,178772,0,178772,0.0
NU_ANO_CENSO,178772,0,178772,0.0
CO_UF,178772,0,178772,0.0
CO_DISTRITO,178772,0,178772,0.0
NO_ENTIDADE,178772,0,178772,0.0
CO_REDE,178772,0,178772,0.0
CO_ENTIDADE,178772,0,178772,0.0
TP_DEPENDENCIA,178772,0,178772,0.0
TP_LOCALIZACAO,178772,0,178772,0.0
TP_LOCALIZACAO_DIFERENCIADA,178772,0,178772,0.0
CO_REGIAO,178772,0,178772,0.0
IN_PODER_PUBLICO_PARCERIA,178772,0,178772,0.0
QT_DOC_BAS,178772,0,178772,0.0
QT_DOC_INF,178772,0,178772,0.0
QT_DOC_INF_CRE,178772,0,178772,0.0
QT_DOC_INF_PRE,178772,0,178772,0.0
QT_DOC_FUND,178772,0,178772,0.0
QT_DOC_FUND_AI,178772,0,178772,0.0
QT_DOC_FUND_AI_1,178772,0,178772,0.0
QT_DOC_FUND_AI_2,178772,0,178772,0.0
QT_DOC_FUND_AI_3,178772,0,178772,0.0
QT_DOC_FUND_AI_4,178772,0,178772,0.0
QT_DOC_FUND_AI_5,178772,0,178772,0.0
QT_DOC_FUND_AI_MULTIETAPA,178772,0,178772,0.0
QT_DOC_FUND_AF,178772,0,178772,0.0
QT_DOC_FUND_AF_6,178772,0,178772,0.0
QT_DOC_FUND_AF_7,178772,0,178772,0.0
QT_DOC_FUND_AF_8,178772,0,178772,0.0
QT_DOC_FUND_AF_9,178772,0,178772,0.0
QT_DOC_FUND_AF_MULTI,178772,0,178772,0.0
QT_DOC_FUND_AF_CORRFLUXO,178772,0,178772,0.0
QT_DOC_MED,178772,0,178772,0.0
QT_DOC_MED_1,178772,0,178772,0.0
QT_DOC_MED_2,178772,0,178772,0.0
QT_DOC_MED_3,178772,0,178772,0.0
QT_DOC_MED_4,178772,0,178772,0.0
QT_DOC_MED_NS,178772,0,178772,0.0
QT_DOC_MED_PROP,178772,0,178772,0.0
QT_DOC_MED_PROP_1,178772,0,178772,0.0
QT_DOC_MED_PROP_2,178772,0,178772,0.0
QT_DOC_MED_PROP_3,178772,0,178772,0.0
QT_DOC_MED_PROP_4,178772,0,178772,0.0
QT_DOC_MED_PROP_NS,178772,0,178772,0.0
QT_DOC_MED_IFTP_CT,178772,0,178772,0.0
QT_DOC_MED_IFTP_CT_1,178772,0,178772,0.0
QT_DOC_MED_IFTP_CT_2,178772,0,178772,0.0
QT_DOC_MED_IFTP_CT_3,178772,0,178772,0.0
QT_DOC_MED_IFTP_CT_4,178772,0,178772,0.0
QT_DOC_MED_IFTP_CT_NS,178772,0,178772,0.0
QT_DOC_MED_IFTP_QP,178772,0,178772,0.0
QT_DOC_MED_IFTP_QP_1,178772,0,178772,0.0
QT_DOC_MED_IFTP_QP_2,178772,0,178772,0.0
QT_DOC_MED_IFTP_QP_3,178772,0,178772,0.0
QT_DOC_MED_IFTP_QP_4,178772,0,178772,0.0
QT_DOC_MED_IFTP_QP_NS,178772,0,178772,0.0
QT_DOC_MED_NM,178772,0,178772,0.0
QT_DOC_MED_NM_1,178772,0,178772,0.0
QT_DOC_MED_NM_2,178772,0,178772,0.0
QT_DOC_MED_NM_3,178772,0,178772,0.0
QT_DOC_MED_NM_4,178772,0,178772,0.0
QT_DOC_PROF,178772,0,178772,0.0
QT_DOC_PROF_TEC,178772,0,178772,0.0
QT_DOC_PROF_TEC_CONC,178772,0,178772,0.0
QT_DOC_PROF_TEC_SUBS,178772,0,178772,0.0
QT_DOC_PROF_TEC_MISTO,178772,0,178772,0.0
QT_DOC_PROF_TEC_IFTP_CT,178772,0,178772,0.0
QT_DOC_PROF_NAO_TEC,178772,0,178772,0.0
QT_DOC_PROF_IFTP_QP,178772,0,178772,0.0
QT_DOC_PROF_FIC_CONC,178772,0,178772,0.0
QT_DOC_EJA,178772,0,178772,0.0
QT_DOC_EJA_FUND,178772,0,178772,0.0
QT_DOC_EJA_FUND_NPROF,178772,0,178772,0.0
QT_DOC_EJA_FUND_AI,178772,0,178772,0.0
QT_DOC_EJA_FUND_AF,178772,0,178772,0.0
QT_DOC_EJA_FUND_FIC,178772,0,178772,0.0
QT_DOC_EJA_MED,178772,0,178772,0.0
QT_DOC_EJA_MED_NPROF,178772,0,178772,0.0
QT_DOC_EJA_MED_FIC,178772,0,178772,0.0
QT_DOC_EJA_MED_TEC,178772,0,178772,0.0
QT_DOC_ESP,178772,0,178772,0.0
QT_DOC_ESP_CC,178772,0,178772,0.0
QT_DOC_ESP_CE,178772,0,178772,0.0
QT_DOC_BAS_FEM,178772,0,178772,0.0
QT_DOC_BAS_MASC,178772,0,178772,0.0
QT_DOC_BAS_ND,178772,0,178772,0.0
QT_DOC_BAS_BRANCA,178772,0,178772,0.0
QT_DOC_BAS_PRETA,178772,0,178772,0.0
QT_DOC_BAS_PARDA,178772,0,178772,0.0
QT_DOC_BAS_AMARELA,178772,0,178772,0.0
QT_DOC_BAS_INDIGENA,178772,0,178772,0.0
QT_DOC_BAS_0_24,178772,0,178772,0.0
QT_DOC_BAS_25_29,178772,0,178772,0.0
QT_DOC_BAS_30_39,178772,0,178772,0.0
QT_DOC_BAS_40_49,178772,0,178772,0.0
QT_DOC_BAS_50_54,178772,0,178772,0.0
QT_DOC_BAS_55_59,178772,0,178772,0.0
QT_DOC_BAS_60_MAIS,178772,0,178772,0.0
QT_DOC_BAS_PCD,178772,0,178772,0.0
QT_DOC_BAS_ZR_URB,178772,0,178772,0.0
QT_DOC_BAS_ZR_RUR,178772,0,178772,0.0
QT_DOC_BAS_ZR_NA,178772,0,178772,0.0
QT_DOC_BAS_ESCO_EF,178772,0,178772,0.0
QT_DOC_BAS_ESCO_EM,178772,0,178772,0.0
QT_DOC_BAS_ESCO_SUP_GRAD,178772,0,178772,0.0
QT_DOC_BAS_ESCO_SUP_GRAD_LICEN,178772,0,178772,0.0
QT_DOC_BAS_ESCO_SUP_GRAD_SLICEN,178772,0,178772,0.0
QT_DOC_BAS_ESCO_SUP_POS_ESPEC,178772,0,178772,0.0
QT_DOC_BAS_ESCO_SUP_POS_MESTRA,178772,0,178772,0.0
QT_DOC_BAS_ESCO_SUP_POS_DOUTO,178772,0,178772,0.0
QT_DOC_BAS_ESCO_SUP_POS_NENHUM,178772,0,178772,0.0
QT_DOC_BAS_VINCULO_CONCUR,178772,0,178772,0.0
QT_DOC_BAS_VINCULO_CONTRA,178772,0,178772,0.0
QT_DOC_BAS_VINCULO_TERCEIR,178772,0,178772,0.0
QT_DOC_BAS_VINCULO_CLT,178772,0,178772,0.0
QT_DOC_BAS_DOCENTE,178772,0,178772,0.0
QT_DOC_BAS_AUXILIAR,178772,0,178772,0.0
QT_DOC_BAS_PROFI_MONITOR,178772,0,178772,0.0
QT_DOC_BAS_TRADUTOR_LIBRAS,178772,0,178772,0.0
QT_DOC_BAS_TITULAR_EAD,178772,0,178772,0.0
QT_DOC_BAS_TUTOR_AUX_EAD,178772,0,178772,0.0
QT_DOC_BAS_GUIA_INTERPRETE,178772,0,178772,0.0
QT_DOC_BAS_APOIO_PCD,178772,0,178772,0.0
QT_DOC_BAS_INSTRUTOR_EP,178772,0,178772,0.0
QT_DOC_BAS_ESPEC_CRE,178772,0,178772,0.0
QT_DOC_BAS_ESPEC_PRE_ESCOLA,178772,0,178772,0.0
QT_DOC_BAS_ESPEC_ANOS_INICIAIS,178772,0,178772,0.0
QT_DOC_BAS_ESPEC_ANOS_FINAIS,178772,0,178772,0.0
QT_DOC_BAS_ESPEC_ENS_MEDIO,178772,0,178772,0.0
QT_DOC_BAS_ESPEC_EJA,178772,0,178772,0.0
QT_DOC_BAS_ESPEC_ED_ESPECIAL,178772,0,178772,0.0
QT_DOC_BAS_ESPEC_BIL_SURDOS,178772,0,178772,0.0
QT_DOC_BAS_ESPEC_ED_INDIGENA,178772,0,178772,0.0
QT_DOC_BAS_ESPEC_CAMPO,178772,0,178772,0.0
QT_DOC_BAS_ESPEC_AMBIENTAL,178772,0,178772,0.0
QT_DOC_BAS_ESPEC_DIR_HUMANOS,178772,0,178772,0.0
QT_DOC_BAS_ESPEC_DIV_SEXUAL,178772,0,178772,0.0
QT_DOC_BAS_ESPEC_DIR_ADOLESC,178772,0,178772,0.0
QT_DOC_BAS_ESPEC_AFRO,178772,0,178772,0.0
QT_DOC_BAS_ESPEC_GESTAO,178772,0,178772,0.0
QT_DOC_BAS_ESPEC_EDUC_TIC,178772,0,178772,0.0
QT_DOC_BAS_ESPEC_OUTROS,178772,0,178772,0.0
QT_DOC_BAS_ESPEC_NENHUM,178772,0,178772,0.0
QT_DOC_BAS_DISC_LINGUA_PORT,178772,0,178772,0.0
QT_DOC_BAS_DISC_EDUC_FISICA,178772,0,178772,0.0
QT_DOC_BAS_DISC_ARTES,178772,0,178772,0.0
QT_DOC_BAS_DISC_LINGUA_ING,178772,0,178772,0.0
QT_DOC_BAS_DISC_LINGUA_ESPA,178772,0,178772,0.0
QT_DOC_BAS_DISC_LINGUA_FRANC,178772,0,178772,0.0
QT_DOC_BAS_DISC_LINGUA_OUTRA,178772,0,178772,0.0
QT_DOC_BAS_DISC_LIBRAS,178772,0,178772,0.0
QT_DOC_BAS_DISC_LINGUA_INDIG,178772,0,178772,0.0
QT_DOC_BAS_DISC_PORT_SEG_LINGUA,178772,0,178772,0.0
QT_DOC_BAS_DISC_MATEMATICA,178772,0,178772,0.0
QT_DOC_BAS_DISC_CIENCIAS,178772,0,178772,0.0
QT_DOC_BAS_DISC_FISICA,178772,0,178772,0.0
QT_DOC_BAS_DISC_QUIMICA,178772,0,178772,0.0
QT_DOC_BAS_DISC_BIOLOGIA,178772,0,178772,0.0
QT_DOC_BAS_DISC_HISTORIA,178772,0,178772,0.0
QT_DOC_BAS_DISC_GEOGRAFIA,178772,0,178772,0.0
QT_DOC_BAS_DISC_SOCIOLOGIA,178772,0,178772,0.0
QT_DOC_BAS_DISC_FILOSOFIA,178772,0,178772,0.0
QT_DOC_BAS_DISC_EST_SOCIAIS,178772,0,178772,0.0
QT_DOC_BAS_DISC_EST_SOCIAIS_SOCI,178772,0,178772,0.0
QT_DOC_BAS_DISC_INFO_COMPUTACAO,178772,0,178772,0.0
QT_DOC_BAS_DISC_ENSINO_RELIGIOSO,178772,0,178772,0.0
QT_DOC_BAS_DISC_PROFISSIONA,178772,0,178772,0.0
QT_DOC_BAS_DISC_ESTAGIO_SUPER,178772,0,178772,0.0
QT_DOC_BAS_DISC_PEDAGOGICAS,178772,0,178772,0.0
QT_DOC_BAS_DISC_PROJETO_DE_VIDA,178772,0,178772,0.0
QT_DOC_BAS_DISC_OUTRAS,178772,0,178772,0.0
QT_DOC_BAS_LIBRAS,178772,0,178772,0.0
