ordem,coluna,tipo,registros_total,registros_preenchidos,percentual_preenchido
1,NU_ANO_CENSO,int64,214192,214192,100.0
2,NO_REGIAO,object,214192,214191,100.0
3,CO_REGIAO,int64,214192,214192,100.0
4,NO_UF,object,214192,214191,100.0
5,SG_UF,object,214192,214191,100.0
6,CO_UF,int64,214192,214192,100.0
7,NO_MUNICIPIO,object,214192,214191,100.0
8,CO_MUNICIPIO,int64,214192,214192,100.0
9,NO_REGIAO_GEOG_INTERM,object,214192,214191,100.0
10,CO_REGIAO_GEOG_INTERM,float64,214192,214191,100.0
11,NO_REGIAO_GEOG_IMED,object,214192,214191,100.0
12,CO_REGIAO_GEOG_IMED,float64,214192,214191,100.0
13,NO_DISTRITO,object,214192,214191,100.0
14,CO_DISTRITO,int64,214192,214192,100.0
15,NO_SUBDISTRITO,object,214192,1471,0.69
16,CO_SUBDISTRITO,float64,214192,1471,0.69
17,NO_ENTIDADE,object,214192,214192,100.0
18,CO_ENTIDADE,int64,214192,214192,100.0
19,CO_REDE,int64,214192,214192,100.0
20,TP_DEPENDENCIA,int64,214192,214192,100.0
21,TP_CATEGORIA_ESCOLA_PRIVADA,float64,214192,42454,19.82
22,TP_LOCALIZACAO,int64,214192,214192,100.0
23,TP_LOCALIZACAO_DIFERENCIADA,float64,214192,180540,84.29
24,TP_SITUACAO_FUNCIONAMENTO,int64,214192,214192,100.0
25,CO_ORGAO_REGIONAL,object,214192,209611,97.86
26,DT_ANO_LETIVO_INICIO,object,214192,180540,84.29
27,DT_ANO_LETIVO_TERMINO,object,214192,180540,84.29
28,IN_VINCULO_SECRETARIA_EDUCACAO,float64,214192,138086,64.47
29,IN_VINCULO_SEGURANCA_PUBLICA,float64,214192,138086,64.47
30,IN_VINCULO_SECRETARIA_SAUDE,float64,214192,138086,64.47
31,IN_VINCULO_OUTRO_ORGAO,float64,214192,138086,64.47
32,IN_PODER_PUBLICO_PARCERIA,float64,214192,180540,84.29
33,TP_PODER_PUBLICO_PARCERIA,float64,214192,10548,4.92
34,IN_FORMA_CONT_TERMO_COLABORA,float64,214192,10548,4.92
35,IN_FORMA_CONT_TERMO_FOMENTO,float64,214192,10548,4.92
36,IN_FORMA_CONT_ACORDO_COOP,float64,214192,10548,4.92
37,IN_FORMA_CONT_PRESTACAO_SERV,float64,214192,10548,4.92
38,IN_FORMA_CONT_COOP_TEC_FIN,float64,214192,10548,4.92
39,IN_FORMA_CONT_CONSORCIO_PUB,float64,214192,10548,4.92
40,IN_FORMA_CONT_MU_TERMO_COLAB,float64,214192,9358,4.37
41,IN_FORMA_CONT_MU_TERMO_FOMENTO,float64,214192,9358,4.37
42,IN_FORMA_CONT_MU_ACORDO_COOP,float64,214192,9358,4.37
43,IN_FORMA_CONT_MU_PREST_SERV,float64,214192,9358,4.37
44,IN_FORMA_CONT_MU_COOP_TEC_FIN,float64,214192,9358,4.37
45,IN_FORMA_CONT_MU_CONSORCIO_PUB,float64,214192,9358,4.37
46,IN_FORMA_CONT_ES_TERMO_COLAB,float64,214192,2202,1.03
47,IN_FORMA_CONT_ES_TERMO_FOMENTO,float64,214192,2202,1.03
48,IN_FORMA_CONT_ES_ACORDO_COOP,float64,214192,2202,1.03
49,IN_FORMA_CONT_ES_PREST_SERV,float64,214192,2202,1.03
50,IN_FORMA_CONT_ES_COOP_TEC_FIN,float64,214192,2202,1.03
51,IN_FORMA_CONT_ES_CONSORCIO_PUB,float64,214192,2202,1.03
52,IN_MANT_ESCOLA_PRIVADA_EMP,float64,214192,42454,19.82
53,IN_MANT_ESCOLA_PRIVADA_ONG,float64,214192,42454,19.82
54,IN_MANT_ESCOLA_PRIVADA_OSCIP,float64,214192,42454,19.82
55,IN_MANT_ESCOLA_PRIV_ONG_OSCIP,float64,214192,42454,19.82
56,IN_MANT_ESCOLA_PRIVADA_SIND,float64,214192,42454,19.82
57,IN_MANT_ESCOLA_PRIVADA_SIST_S,float64,214192,42454,19.82
58,IN_MANT_ESCOLA_PRIVADA_S_FINS,float64,214192,42454,19.82
59,NU_CNPJ_ESCOLA_PRIVADA,float64,214192,42454,19.82
60,NU_CNPJ_MANTENEDORA,float64,214192,42454,19.82
61,TP_REGULAMENTACAO,float64,214192,180540,84.29
62,TP_RESPONSAVEL_REGULAMENTACAO,float64,214192,176674,82.48
63,CO_ESCOLA_SEDE_VINCULADA,float64,214192,3545,1.66
64,CO_IES_OFERTANTE,float64,214192,391,0.18
65,IN_LOCAL_FUNC_PREDIO_ESCOLAR,float64,214192,180540,84.29
66,TP_OCUPACAO_PREDIO_ESCOLAR,float64,214192,177547,82.89
67,IN_LOCAL_FUNC_SOCIOEDUCATIVO,float64,214192,180540,84.29
68,IN_LOCAL_FUNC_UNID_PRISIONAL,float64,214192,180540,84.29
69,IN_LOCAL_FUNC_PRISIONAL_SOCIO,float64,214192,180540,84.29
70,IN_LOCAL_FUNC_GALPAO,float64,214192,180540,84.29
71,TP_OCUPACAO_GALPAO,float64,214192,2179,1.02
72,IN_LOCAL_FUNC_SALAS_OUTRA_ESC,float64,214192,180540,84.29
73,IN_LOCAL_FUNC_OUTROS,float64,214192,180540,84.29
74,IN_PREDIO_COMPARTILHADO,float64,214192,180540,84.29
75,IN_AGUA_POTAVEL,float64,214192,180540,84.29
76,IN_AGUA_REDE_PUBLICA,float64,214192,180540,84.29
77,IN_AGUA_POCO_ARTESIANO,float64,214192,180540,84.29
78,IN_AGUA_CACIMBA,float64,214192,180540,84.29
79,IN_AGUA_FONTE_RIO,float64,214192,180540,84.29
80,IN_AGUA_INEXISTENTE,float64,214192,180540,84.29
81,IN_AGUA_CARRO_PIPA,float64,214192,180540,84.29
82,IN_ENERGIA_REDE_PUBLICA,float64,214192,180540,84.29
83,IN_ENERGIA_GERADOR_FOSSIL,float64,214192,180540,84.29
84,IN_ENERGIA_RENOVAVEL,float64,214192,180540,84.29
85,IN_ENERGIA_INEXISTENTE,float64,214192,180540,84.29
86,IN_ESGOTO_REDE_PUBLICA,float64,214192,180540,84.29
87,IN_ESGOTO_FOSSA_SEPTICA,float64,214192,180540,84.29
88,IN_ESGOTO_FOSSA_COMUM,float64,214192,180540,84.29
89,IN_ESGOTO_FOSSA,float64,214192,180540,84.29
90,IN_ESGOTO_INEXISTENTE,float64,214192,180540,84.29
91,IN_LIXO_SERVICO_COLETA,float64,214192,180540,84.29
92,IN_LIXO_QUEIMA,float64,214192,180540,84.29
93,IN_LIXO_ENTERRA,float64,214192,180540,84.29
94,IN_LIXO_DESTINO_FINAL_PUBLICO,float64,214192,180540,84.29
95,IN_LIXO_DESCARTA_OUTRA_AREA,float64,214192,180540,84.29
96,IN_TRATAMENTO_LIXO_SEPARACAO,float64,214192,180540,84.29
97,IN_TRATAMENTO_LIXO_REUTILIZA,float64,214192,180540,84.29
98,IN_TRATAMENTO_LIXO_RECICLAGEM,float64,214192,180540,84.29
99,IN_TRATAMENTO_LIXO_INEXISTENTE,float64,214192,180540,84.29
100,IN_ALMOXARIFADO,float64,214192,180540,84.29
101,IN_AREA_VERDE,float64,214192,180540,84.29
102,IN_AREA_PLANTIO,float64,214192,180540,84.29
103,IN_AUDITORIO,float64,214192,180540,84.29
104,IN_BANHEIRO,float64,214192,180540,84.29
105,IN_BANHEIRO_EI,float64,214192,180540,84.29
106,IN_BANHEIRO_PNE,float64,214192,180540,84.29
107,IN_BANHEIRO_FUNCIONARIOS,float64,214192,180540,84.29
108,IN_BANHEIRO_CHUVEIRO,float64,214192,180540,84.29
109,IN_BIBLIOTECA,float64,214192,180540,84.29
110,IN_BIBLIOTECA_SALA_LEITURA,float64,214192,180540,84.29
111,IN_COZINHA,float64,214192,180540,84.29
112,IN_DESPENSA,float64,214192,180540,84.29
113,IN_DORMITORIO_ALUNO,float64,214192,180540,84.29
114,IN_DORMITORIO_PROFESSOR,float64,214192,180540,84.29
115,IN_LABORATORIO_CIENCIAS,float64,214192,180540,84.29
116,IN_LABORATORIO_INFORMATICA,float64,214192,180540,84.29
117,IN_LABORATORIO_EDUC_PROF,float64,214192,180540,84.29
118,IN_PATIO_COBERTO,float64,214192,180540,84.29
119,IN_PATIO_DESCOBERTO,float64,214192,180540,84.29
120,IN_PARQUE_INFANTIL,float64,214192,180540,84.29
121,IN_PISCINA,float64,214192,180540,84.29
122,IN_QUADRA_ESPORTES,float64,214192,180540,84.29
123,IN_QUADRA_ESPORTES_COBERTA,float64,214192,180540,84.29
124,IN_QUADRA_ESPORTES_DESCOBERTA,float64,214192,180540,84.29
125,IN_REFEITORIO,float64,214192,180540,84.29
126,IN_SALA_ATELIE_ARTES,float64,214192,180540,84.29
127,IN_SALA_MUSICA_CORAL,float64,214192,180540,84.29
128,IN_SALA_ESTUDIO_DANCA,float64,214192,180540,84.29
129,IN_SALA_MULTIUSO,float64,214192,180540,84.29
130,IN_SALA_ESTUDIO_GRAVACAO,float64,214192,180540,84.29
131,IN_SALA_OFICINAS_EDUC_PROF,float64,214192,180540,84.29
132,IN_SALA_DIRETORIA,float64,214192,180540,84.29
133,IN_SALA_LEITURA,float64,214192,180540,84.29
134,IN_SALA_PROFESSOR,float64,214192,180540,84.29
135,IN_SALA_REPOUSO_ALUNO,float64,214192,180540,84.29
136,IN_SECRETARIA,float64,214192,180540,84.29
137,IN_SALA_ATENDIMENTO_ESPECIAL,float64,214192,180540,84.29
138,IN_TERREIRAO,float64,214192,180540,84.29
139,IN_VIVEIRO,float64,214192,180540,84.29
140,IN_DEPENDENCIAS_OUTRAS,float64,214192,180540,84.29
141,IN_ACESSIBILIDADE_CORRIMAO,float64,214192,180540,84.29
142,IN_ACESSIBILIDADE_ELEVADOR,float64,214192,180540,84.29
143,IN_ACESSIBILIDADE_PISOS_TATEIS,float64,214192,180540,84.29
144,IN_ACESSIBILIDADE_VAO_LIVRE,float64,214192,180540,84.29
145,IN_ACESSIBILIDADE_RAMPAS,float64,214192,180540,84.29
146,IN_ACESSIBILIDADE_SINAL_SONORO,float64,214192,180540,84.29
147,IN_ACESSIBILIDADE_SINAL_TATIL,float64,214192,180540,84.29
148,IN_ACESSIBILIDADE_SINAL_VISUAL,float64,214192,180540,84.29
149,IN_ACESSIBILIDADE_INEXISTENTE,float64,214192,180540,84.29
150,IN_ACESSIBILIDADE_SINALIZACAO,float64,214192,180540,84.29
151,QT_SALAS_UTILIZADAS_DENTRO,float64,214192,180540,84.29
152,QT_SALAS_UTILIZADAS_FORA,float64,214192,180540,84.29
153,QT_SALAS_UTILIZADAS,float64,214192,180540,84.29
154,QT_SALAS_UTILIZA_CLIMATIZADAS,float64,214192,180540,84.29
155,QT_SALAS_UTILIZADAS_ACESSIVEIS,float64,214192,180540,84.29
156,QT_SALAS_LEITURA,float64,214192,180540,84.29
157,IN_EQUIP_PARABOLICA,float64,214192,180540,84.29
158,IN_COMPUTADOR,float64,214192,180540,84.29
159,IN_EQUIP_COPIADORA,float64,214192,180540,84.29
160,IN_EQUIP_IMPRESSORA,float64,214192,180540,84.29
161,IN_EQUIP_IMPRESSORA_MULT,float64,214192,180540,84.29
162,IN_EQUIP_SCANNER,float64,214192,180540,84.29
163,IN_EQUIP_NENHUM,float64,214192,180540,84.29
164,IN_EQUIP_DVD,float64,214192,180540,84.29
165,QT_EQUIP_DVD,float64,214192,180540,84.29
166,IN_EQUIP_SOM,float64,214192,180540,84.29
167,QT_EQUIP_SOM,float64,214192,180540,84.29
168,IN_EQUIP_TV,float64,214192,180540,84.29
169,QT_EQUIP_TV,float64,214192,180540,84.29
170,IN_EQUIP_LOUSA_DIGITAL,float64,214192,180540,84.29
171,QT_EQUIP_LOUSA_DIGITAL,float64,214192,180540,84.29
172,IN_EQUIP_MULTIMIDIA,float64,214192,180540,84.29
173,QT_EQUIP_MULTIMIDIA,float64,214192,180540,84.29
174,IN_DESKTOP_ALUNO,float64,214192,180540,84.29
175,QT_DESKTOP_ALUNO,float64,214192,180540,84.29
176,IN_COMP_PORTATIL_ALUNO,float64,214192,180540,84.29
177,QT_COMP_PORTATIL_ALUNO,float64,214192,180540,84.29
178,IN_TABLET_ALUNO,float64,214192,180540,84.29
179,QT_TABLET_ALUNO,float64,214192,180540,84.29
180,IN_INTERNET,float64,214192,180540,84.29
181,IN_INTERNET_ALUNOS,float64,214192,180540,84.29
182,IN_INTERNET_ADMINISTRATIVO,float64,214192,180540,84.29
183,IN_INTERNET_APRENDIZAGEM,float64,214192,180540,84.29
184,IN_INTERNET_COMUNIDADE,float64,214192,180540,84.29
185,IN_ACESSO_INTERNET_COMPUTADOR,float64,214192,180540,84.29
186,IN_ACES_INTERNET_DISP_PESSOAIS,float64,214192,180540,84.29
187,TP_REDE_LOCAL,float64,214192,180540,84.29
188,IN_BANDA_LARGA,float64,214192,170762,79.72
189,QT_PROF_ADMINISTRATIVOS,float64,214192,180540,84.29
190,QT_PROF_SERVICOS_GERAIS,float64,214192,180540,84.29
191,QT_PROF_BIBLIOTECARIO,float64,214192,180540,84.29
192,QT_PROF_SAUDE,float64,214192,180540,84.29
193,QT_PROF_COORDENADOR,float64,214192,180540,84.29
194,QT_PROF_FONAUDIOLOGO,float64,214192,180540,84.29
195,QT_PROF_NUTRICIONISTA,float64,214192,180540,84.29
196,QT_PROF_PSICOLOGO,float64,214192,180540,84.29
197,QT_PROF_ALIMENTACAO,float64,214192,180540,84.29
198,QT_PROF_PEDAGOGIA,float64,214192,180540,84.29
199,QT_PROF_SECRETARIO,float64,214192,180540,84.29
200,QT_PROF_SEGURANCA,float64,214192,180540,84.29
201,QT_PROF_MONITORES,float64,214192,180540,84.29
202,QT_PROF_GESTAO,float64,214192,180540,84.29
203,QT_PROF_ASSIST_SOCIAL,float64,214192,180540,84.29
204,QT_PROF_TRAD_LIBRAS,float64,214192,180540,84.29
205,QT_PROF_AGRICOLA,float64,214192,180540,84.29
206,QT_PROF_REVISOR_BRAILLE,float64,214192,180540,84.29
207,IN_ALIMENTACAO,float64,214192,180540,84.29
208,IN_MATERIAL_PED_MULTIMIDIA,float64,214192,180540,84.29
209,IN_MATERIAL_PED_INFANTIL,float64,214192,180540,84.29
210,IN_MATERIAL_PED_CIENTIFICO,float64,214192,180540,84.29
211,IN_MATERIAL_PED_DIFUSAO,float64,214192,180540,84.29
212,IN_MATERIAL_PED_MUSICAL,float64,214192,180540,84.29
213,IN_MATERIAL_PED_JOGOS,float64,214192,180540,84.29
214,IN_MATERIAL_PED_ARTISTICAS,float64,214192,180540,84.29
215,IN_MATERIAL_PED_PROFISSIONAL,float64,214192,180540,84.29
216,IN_MATERIAL_PED_DESPORTIVA,float64,214192,180540,84.29
217,IN_MATERIAL_PED_INDIGENA,float64,214192,180540,84.29
218,IN_MATERIAL_PED_ETNICO,float64,214192,180540,84.29
219,IN_MATERIAL_PED_CAMPO,float64,214192,180540,84.29
220,IN_MATERIAL_PED_BIL_SURDOS,float64,214192,180540,84.29
221,IN_MATERIAL_PED_AGRICOLA,float64,214192,180540,84.29
222,IN_MATERIAL_PED_QUILOMBOLA,float64,214192,180540,84.29
223,IN_MATERIAL_PED_EDU_ESP,float64,214192,180540,84.29
224,IN_MATERIAL_PED_NENHUM,float64,214192,180540,84.29
225,IN_EDUCACAO_INDIGENA,float64,214192,180540,84.29
226,TP_INDIGENA_LINGUA,float64,214192,3712,1.73
227,CO_LINGUA_INDIGENA_1,float64,214192,2874,1.34
228,CO_LINGUA_INDIGENA_2,float64,214192,365,0.17
229,CO_LINGUA_INDIGENA_3,float64,214192,127,0.06
230,IN_EXAME_SELECAO,float64,214192,180540,84.29
231,IN_RESERVA_PPI,float64,214192,7584,3.54
232,IN_RESERVA_RENDA,float64,214192,7584,3.54
233,IN_RESERVA_PUBLICA,float64,214192,7584,3.54
234,IN_RESERVA_PCD,float64,214192,7584,3.54
235,IN_RESERVA_OUTROS,float64,214192,7584,3.54
236,IN_RESERVA_NENHUMA,float64,214192,7584,3.54
237,IN_REDES_SOCIAIS,float64,214192,180540,84.29
238,IN_ESPACO_ATIVIDADE,float64,214192,180540,84.29
239,IN_ESPACO_EQUIPAMENTO,float64,214192,180540,84.29
240,IN_ORGAO_ASS_PAIS,float64,214192,180540,84.29
241,IN_ORGAO_ASS_PAIS_MESTRES,float64,214192,180540,84.29
242,IN_ORGAO_CONSELHO_ESCOLAR,float64,214192,180540,84.29
243,IN_ORGAO_GREMIO_ESTUDANTIL,float64,214192,180540,84.29
244,IN_ORGAO_OUTROS,float64,214192,180540,84.29
245,IN_ORGAO_NENHUM,float64,214192,180540,84.29
246,TP_PROPOSTA_PEDAGOGICA,float64,214192,180540,84.29
247,IN_EDUC_AMBIENTAL,float64,214192,180540,84.29
248,IN_EDUC_AMB_CONTEUDO,float64,214192,180540,84.29
249,IN_EDUC_AMB_CURRICULAR,float64,214192,180540,84.29
250,IN_EDUC_AMB_EIXO,float64,214192,180540,84.29
251,IN_EDUC_AMB_EVENTOS,float64,214192,180540,84.29
252,IN_EDUC_AMB_PROJETOS,float64,214192,180540,84.29
253,IN_EDUC_AMB_NENHUMA,float64,214192,180540,84.29
254,TP_AEE,float64,214192,180540,84.29
255,TP_ATIVIDADE_COMPLEMENTAR,float64,214192,180540,84.29
256,TP_ITINERARIO_FORMATIVO,float64,214192,180540,84.29
257,IN_ITINERARIO_APROFUNDAMENTO,float64,214192,180540,84.29
258,IN_ITINERARIO_TECN_PROF,float64,214192,180540,84.29
259,IN_ESCOLARIZACAO,float64,214192,180540,84.29
260,IN_MEDIACAO_PRESENCIAL,float64,214192,180540,84.29
261,IN_MEDIACAO_SEMIPRESENCIAL,float64,214192,180540,84.29
262,IN_MEDIACAO_EAD,float64,214192,180540,84.29
263,IN_ESPECIAL_EXCLUSIVA,float64,214192,180540,84.29
264,IN_REGULAR,float64,214192,180540,84.29
265,IN_EJA,float64,214192,180540,84.29
266,IN_PROFISSIONALIZANTE,float64,214192,178775,83.46
267,IN_COMUM_CRECHE,float64,214192,180540,84.29
268,IN_COMUM_PRE,float64,214192,180540,84.29
269,IN_COMUM_FUND_AI,float64,214192,180540,84.29
270,IN_COMUM_FUND_AF,float64,214192,180540,84.29
271,IN_COMUM_MEDIO_MEDIO,float64,214192,180540,84.29
272,IN_COMUM_MEDIO_INTEGRADO,float64,214192,180540,84.29
273,IN_COMUM_MEDIO_FIC,float64,214192,180540,84.29
274,IN_COMUM_MEDIO_NORMAL,float64,214192,180540,84.29
275,IN_ESP_EXCLUSIVA_CRECHE,float64,214192,180540,84.29
276,IN_ESP_EXCLUSIVA_PRE,float64,214192,180540,84.29
277,IN_ESP_EXCLUSIVA_FUND_AI,float64,214192,180540,84.29
278,IN_ESP_EXCLUSIVA_FUND_AF,float64,214192,180540,84.29
279,IN_ESP_EXCLUSIVA_MEDIO_MEDIO,float64,214192,180540,84.29
280,IN_ESP_EXCLUSIVA_MEDIO_INTEGR,float64,214192,180540,84.29
281,IN_ESP_EXCLUSIVA_MEDIO_FIC,float64,214192,180540,84.29
282,IN_ESP_EXCLUSIVA_MEDIO_NORMAL,float64,214192,180540,84.29
283,IN_COMUM_EJA_FUND,float64,214192,180540,84.29
284,IN_COMUM_EJA_MEDIO,float64,214192,180540,84.29
285,IN_COMUM_EJA_PROF,float64,214192,180540,84.29
286,IN_ESP_EXCLUSIVA_EJA_FUND,float64,214192,180540,84.29
287,IN_ESP_EXCLUSIVA_EJA_MEDIO,float64,214192,180540,84.29
288,IN_ESP_EXCLUSIVA_EJA_PROF,float64,214192,180540,84.29
289,IN_COMUM_PROF,float64,214192,180540,84.29
290,IN_ESP_EXCLUSIVA_PROF,float64,214192,180540,84.29
